0;364;368;441;404;89;231;461;209;363;296
1;361;8;478;397;240;157;130;278;14;87;106;467;144;145;306;379;237;322;146;401;285;454;242;438;215;194;297;342;160;283;204;273;168;139;452;111;308;152;132;369;68;340;61
2;166;244;34;313;457;250;430;36;255;323;327;181;74;73;12;436;177;182;151;41;263;407;210;198;202;469;92;48;37;312;249;93;315;383
3;63;11;55;126;58;265;274;268;390;76;458;428;84;69;262;180;394;90;154;59;115;214;348;330;239
4;94;137;434;482;341;351;475;302;272;381;439;311;35;135;99;216;432;324;142;193;493;299;339;190;321;188;122;318;252;374;32;403;355;421;189;402;127;406
5;396;449;260;338;413;196;153;414;335;365;442;489;124;211;27;343;179;123;91;165;184;356;303;350;428;307;143;491;291;375;186;466;333;395;164;280;102
6;329;243;486;192;483;156;476;425;499;227;81;213;268;412;464;119;300;169;471;415;113;270;230;218;433;317;408;159;276
7;174;329;196;486;192;175;497;480;124;485;425;89;259;23;328;49;257;412;359;388;300;169;266;415;254;218;172;317;164;408;288
8;361;478;397;240;495;251;225;157;130;278;14;87;467;145;306;379;222;322;146;454;314;242;95;385;357;215;194;297;1;492;160;283;204;168;133;452;111;308;484;152;132;462;369;68;340;247;18
9;55;126;40;439;311;98;135;99;301;299;420;190;321;188;77;84;69;346;262;474;228;394;154;59;334;189;115;261;406;56;70
400;45;389;246;147;392;426;384;470;472;253;128;78;422;289;101;267;113;31;445;221;377;298;22;371;360;256;276;21;459
401;148;292;361;240;199;24;409;106;467;144;46;306;373;237;322;285;454;65;438;215;290;297;217;342;1;258;273;17;139;452;111;131;264;42;293;61;220
402;197;137;434;326;341;351;79;475;86;302;381;35;85;162;161;216;432;324;104;26;88;193;493;100;4;435;277;16;374;403;421;191;391;53;362
403;149;197;137;326;163;341;351;79;475;302;272;223;381;195;35;85;162;161;216;432;234;104;142;26;448;493;339;100;4;435;318;277;16;374;487;421;402;191;391
404;174;196;364;335;368;441;480;89;259;23;343;49;257;231;461;209;303;178;491;254;363;296;395;288;0
405;450;478;397;251;116;130;14;284;145;379;146;242;52;385;194;283;345;114;168;308;71;167;132;462;68;340;463;247
406;94;55;137;341;40;381;439;311;98;135;99;142;352;299;420;190;321;4;188;77;122;84;346;262;318;474;374;394;355;154;9;189;261;269;56;70
407;166;173;244;34;295;236;457;250;430;36;255;109;200;181;393;30;12;158;399;66;41;473;287;117;418;202;358;2;469;92;424;37;249;93;219;417
408;174;449;329;196;486;192;175;497;442;480;124;211;485;425;259;227;23;328;91;49;268;412;390;350;359;300;169;7;471;415;6;254;218;317;333;164
409;148;292;199;24;106;144;46;373;237;401;285;65;438;290;217;258;273;17;131;264;42;293;383;61;220
410;286;450;416;116;366;468;284;129;367;183;52;83;155;431;150;248;170;345;114;167;281;463;203
411;427;336;286;57;67;225;453;232;498;60;477;305;429;354;44;310;353;229;248;118;20;28;38;484;82;233;320;53
412;329;486;192;156;124;476;485;425;265;499;227;328;268;390;464;300;169;7;471;415;6;180;230;218;433;317;164;330;408;159
413;396;449;11;260;486;414;126;442;124;58;211;485;274;123;91;165;120;390;76;356;350;5;428;307;291;375;186;214;446;333;330;239
414;396;260;338;413;153;365;325;309;96;27;206;179;123;165;120;184;356;5;105;307;143;15;291;375;186;451;466;19;446;280;102
415;329;192;175;497;483;156;476;425;259;227;81;213;23;328;412;359;388;119;300;169;7;266;6;270;254;172;317;51;408;159
416;450;251;116;366;468;284;129;367;183;52;410;83;155;431;150;345;114;71;167;463;203
417;173;295;43;236;250;200;370;181;349;393;30;158;399;80;271;332;407;287;117;418;226;358;469;424;245;219;207;212
418;173;244;295;236;457;250;430;255;200;370;181;349;393;30;12;158;399;407;287;117;226;358;469;92;424;245;219;417
419;176;149;163;205;223;171;33;162;234;104;437;100;481;10;187;134;224;110
420;94;40;382;439;98;135;99;301;299;190;321;188;122;84;69;346;262;474;228;394;355;154;9;334;189;115;261;294;406;56;70
300;174;449;329;196;486;192;175;497;442;480;124;58;485;425;259;227;23;328;91;268;412;390;350;359;169;7;471;415;6;254;218;433;214;317;333;164;330;408
421;137;434;67;341;351;475;86;302;381;477;35;161;216;432;324;142;26;193;310;493;229;4;122;277;252;374;32;403;402;127;391;53
301;440;201;64;313;282;382;323;327;222;182;54;151;125;420;496;141;488;346;262;447;228;494;103;9;331;334;261;380;294;50;56;39
422;45;246;275;147;392;426;384;140;470;75;456;472;128;78;400;289;101;267;31;445;221;377;235;298;22;371;360;256;276;21;459
302;94;108;137;434;67;482;341;351;475;86;381;311;135;99;216;432;324;142;193;310;493;229;190;321;4;188;122;318;252;25;374;32;403;355;112;421;189;402;127
423;136;460;171;33;13;185;238;134;224;62
303;174;196;335;365;480;489;211;404;89;27;343;179;123;165;231;461;184;209;356;5;178;307;143;491;375;186;466;395;288;280
424;173;295;250;430;200;370;349;158;399;271;407;287;117;418;226;358;469;245;212;417
304;455;319;325;309;109;206;107;473;15;451;19;398
425;174;329;486;192;175;497;441;480;259;227;213;23;328;49;257;412;359;388;300;169;7;266;415;6;270;254;218;172;317;51;164;408;159
305;427;336;286;57;67;225;366;453;498;60;367;477;429;354;44;310;229;248;118;344;20;133;28;38;484;82;233;281;320;18;411
426;389;147;392;476;384;470;138;253;128;400;119;422;289;267;113;31;445;221;377;298;22;371;360;256;276;21;459
306;361;8;478;397;240;495;157;130;278;14;87;106;467;144;145;379;222;322;146;401;285;454;314;242;438;95;357;215;194;297;342;1;160;283;204;273;168;139;452;111;308;331;152;132;369;68;340;61
427;336;286;57;450;397;495;251;225;366;453;284;498;60;367;305;429;354;314;242;95;385;194;431;492;248;204;20;133;484;82;132;281;463;320;247;18;411
307;396;449;260;338;413;196;153;414;335;365;442;124;58;211;27;179;274;123;91;165;120;390;184;356;303;350;5;428;143;491;291;375;186;466;214;333;280;102
428;396;449;11;260;413;486;3;126;442;124;58;211;485;274;123;91;268;165;390;76;356;458;350;5;307;291;375;186;214;446;333;330;239
308;8;478;397;240;251;130;14;145;306;379;322;146;454;242;438;95;385;194;297;1;283;405;168;452;111;132;462;68;340;247;61
429;427;336;108;495;434;67;482;225;453;498;60;477;305;324;354;193;314;310;229;357;492;344;252;25;20;133;32;355;112;484;82;233;127;386;320;18;411
309;260;338;455;153;414;325;96;27;206;179;107;120;356;304;105;15;291;186;451;19;398;102
430;166;292;173;244;250;255;200;181;46;74;373;12;399;41;263;407;210;290;117;418;358;2;17;469;92;424;249;42;293;383
310;336;108;434;67;482;302;498;477;305;429;216;324;193;229;188;492;122;344;252;25;20;32;355;112;421;484;82;127;386;411
431;427;286;450;416;251;116;366;468;453;284;129;60;367;183;52;410;83;155;150;248;170;345;114;71;167;281;463;203;247;18
311;94;55;137;341;351;40;475;302;272;381;439;195;98;135;99;142;347;376;352;299;339;190;321;4;188;77;122;318;474;374;444;154;9;189;261;269;406;70
432;197;434;67;326;341;351;475;86;302;232;477;35;161;216;324;26;88;193;353;493;229;4;465;277;16;403;421;233;402;127;316;391;53;362
312;63;11;166;201;313;36;323;96;327;74;73;490;208;436;274;54;151;41;29;198;105;202;2;494;103;37;451;115;249;93;380;446;315
433;243;486;192;156;279;124;58;476;485;265;499;227;347;268;412;390;76;464;458;300;471;6;180;90;230;218;214;317;348;241;330;276;239
313;440;63;166;201;64;323;327;74;73;490;301;208;436;177;182;54;151;263;29;496;141;198;2;228;494;48;103;37;312;334;115;249;93;380;50;315;39
434;336;108;67;482;341;351;475;86;302;477;429;216;432;324;193;310;353;493;229;4;465;122;344;252;25;20;374;32;355;112;421;233;402;127;53
314;427;336;8;397;108;495;225;157;130;278;453;87;60;306;379;429;222;242;95;125;385;357;194;492;160;344;283;204;25;133;112;484;152;82;132;369;340;386;320;247;18
435;176;137;163;372;351;79;475;272;223;381;195;35;97;85;162;161;234;104;448;376;493;339;100;318;16;47;403;487;337;402;191;110;391
315;440;166;244;201;34;64;313;457;36;255;323;327;74;73;490;208;12;436;177;182;54;151;41;263;29;496;210;198;202;2;494;92;48;103;37;312;249;93;380;50;39
436;440;63;166;244;201;34;64;313;457;36;323;327;74;73;490;208;12;177;182;54;151;41;263;29;496;198;202;2;494;48;103;37;312;249;93;380;50;315;39
316;197;326;86;232;477;432;26;88;353;465;277;16;391;53;362
437;176;149;163;79;205;223;171;33;162;13;234;104;72;185;100;481;10;479;187;134;191;224;110;419
317;329;486;192;175;497;156;124;476;485;425;499;227;81;213;328;268;412;359;300;169;7;471;415;6;270;230;218;433;164;408;159
438;148;361;478;240;199;409;106;467;144;145;306;237;322;401;285;454;65;215;297;217;342;1;258;273;139;452;111;308;264;68;61;220
318;94;55;137;341;351;40;475;302;272;381;439;311;195;85;98;135;99;142;347;376;352;299;339;190;321;4;77;122;435;474;374;444;403;378;154;189;269;406;70
439;94;55;137;482;40;381;311;98;135;99;142;352;299;420;190;321;4;188;77;122;84;346;262;318;474;374;394;355;154;9;189;261;269;294;406;56;70
319;34;236;457;455;325;109;181;393;30;206;158;107;66;332;304;473;202;92;451;219;19;398
440;201;64;313;282;382;323;327;74;301;208;436;177;182;54;151;263;496;141;210;488;262;447;228;494;48;103;331;334;115;380;50;315;56;39
320;427;336;286;57;450;397;495;225;366;453;498;60;367;305;429;354;314;242;95;385;492;248;344;20;133;28;484;82;132;281;463;247;18;411
441;174;175;364;497;368;480;404;425;89;259;23;49;257;359;388;266;254;363;172;296;51;0
200;173;295;250;430;255;370;373;12;158;399;271;407;290;287;117;418;226;358;17;469;424;245;383;417
321;94;137;482;341;40;302;381;439;311;98;135;99;142;352;299;420;190;4;188;77;122;346;262;318;252;474;374;394;355;154;9;189;261;269;294;406;56;70
442;396;449;11;260;413;196;486;124;58;211;485;274;328;123;91;268;165;390;76;356;350;5;428;300;307;291;375;186;218;214;333;164;330;408;239
201;440;63;64;313;323;327;74;73;490;301;208;436;182;54;151;263;29;496;141;198;262;228;494;48;103;312;334;115;380;50;315;56;39
322;361;8;478;397;240;157;130;278;14;87;106;467;144;145;306;379;237;146;401;285;454;242;438;215;194;297;342;1;160;283;204;273;168;139;452;111;308;152;132;369;68;340;61
443;45;243;55;279;195;499;140;347;376;352;472;464;77;289;267;445;444;47;378;230;387;269;348;241;256;276
202;166;244;34;457;455;319;36;109;96;181;74;393;73;206;12;436;41;407;473;198;105;2;92;37;312;451;249;93;219;315;398
323;440;166;244;201;64;313;282;327;74;73;490;301;208;436;177;182;54;151;263;496;141;210;488;447;2;228;494;48;103;37;312;249;131;380;50;315;39
444;243;55;443;279;40;311;195;98;140;347;376;352;464;77;318;378;90;230;154;387;269;348;241;70
203;450;416;251;116;366;468;284;129;367;183;52;410;83;155;431;150;345;114;71;167;463
324;336;434;67;341;351;475;86;302;232;477;429;216;432;193;310;353;493;229;4;465;122;277;252;25;20;374;32;421;233;402;127;391;53
445;45;243;389;483;443;156;279;426;476;384;499;140;138;472;253;128;464;400;119;422;289;267;113;31;221;378;377;230;298;387;241;360;256;276;459
204;427;336;361;8;397;240;495;225;157;130;278;14;87;306;379;222;322;314;242;95;125;385;357;215;194;1;492;160;344;283;168;133;112;331;484;152;82;132;369;68;340;386;247;18
325;260;338;455;319;153;414;309;27;206;179;107;120;304;473;105;15;291;451;19;398;102
446;63;396;11;260;413;414;96;73;490;208;274;54;120;29;198;428;105;291;103;312;451;115
205;176;149;163;372;79;223;171;33;97;162;13;234;104;448;72;185;437;100;481;10;479;487;187;134;191;224;110;419
326;149;197;163;79;86;223;35;162;161;432;104;26;88;493;100;277;16;403;402;191;316;391;362
447;440;148;361;240;64;157;282;382;323;87;106;467;144;301;222;177;285;182;263;125;215;496;141;210;488;217;342;139;228;494;48;331;131;369;50;39
206;260;338;455;319;153;414;325;36;309;96;179;107;120;304;473;105;15;202;291;451;19;398;102
327;440;63;166;201;64;313;323;74;73;490;301;208;436;177;182;54;151;263;29;496;141;198;2;228;494;48;103;37;312;334;115;249;93;380;50;315;39
448;45;176;246;372;205;272;223;147;392;195;35;97;85;162;140;234;75;376;72;456;472;339;78;481;10;435;101;47;403;487;337;191;110
207;295;43;349;80;287;226;245;212;417
328;174;449;329;196;486;192;175;497;442;480;124;211;485;425;89;259;23;49;257;412;390;359;300;169;7;266;415;254;218;317;164;408;288
449;396;260;413;196;486;442;124;58;211;485;274;328;123;91;268;165;390;356;350;5;428;300;307;291;375;186;218;214;333;164;408;280
208;440;63;11;201;313;36;323;96;327;74;73;490;436;274;182;54;151;29;496;198;105;228;494;103;37;312;334;115;93;380;446;315
329;192;175;497;483;156;476;425;259;227;81;213;23;328;412;359;388;119;300;169;7;266;415;6;270;254;172;317;51;408;159
209;364;335;368;404;89;343;231;461;303;178;491;363;395;288;0
450;427;286;397;416;251;116;225;366;453;14;284;129;60;367;183;242;95;52;385;194;410;83;155;431;150;248;405;345;114;133;71;167;132;462;281;463;203;320;247;18
330;11;413;486;3;126;442;124;58;485;265;274;91;268;412;390;76;458;350;428;69;300;471;180;90;59;218;433;214;333;348;239
451;260;34;457;455;319;414;325;36;309;96;73;490;206;41;120;29;304;473;198;105;202;92;37;312;249;93;19;446;398
210;440;148;292;244;64;430;282;255;323;106;467;144;46;74;12;177;285;182;263;496;141;488;217;342;447;2;273;17;139;48;131;42;293;50;315;383;39
331;440;361;240;64;157;278;282;382;87;467;306;301;222;285;125;357;215;496;141;488;342;492;160;346;204;447;139;152;369;294;50;386;39
452;148;361;8;478;240;157;130;199;87;106;467;144;145;306;379;237;322;146;401;285;454;438;215;297;217;342;1;283;258;273;168;139;111;308;131;264;369;68;61;220
211;174;396;449;260;338;413;196;486;153;335;365;442;124;485;343;179;328;123;91;165;390;184;356;303;350;5;428;307;143;491;291;375;186;466;333;395;164;408;288;280
332;173;295;43;236;319;109;349;393;30;158;66;80;219;417
453;427;336;286;450;397;495;251;225;366;284;498;60;367;305;429;354;314;242;95;385;194;431;492;248;170;345;20;133;484;167;82;132;281;463;320;247;18;411
212;295;43;370;349;80;271;287;226;358;424;245;207;417
333;396;449;11;260;413;196;486;442;124;58;211;485;274;123;91;268;165;390;76;356;350;5;428;300;307;291;375;186;218;214;164;330;408
454;361;8;478;240;130;87;106;467;144;145;306;379;237;322;146;401;285;438;215;297;342;1;283;273;168;139;452;111;308;264;68;340;61;220
213;329;389;192;175;483;156;476;425;499;227;81;138;253;388;119;415;6;113;270;172;317;51;159
334;440;63;11;201;313;126;327;98;490;301;208;54;151;299;29;420;84;69;262;474;228;494;103;394;154;59;9;115;261;380;56
455;34;457;319;325;309;109;206;107;66;304;473;202;451;219;19;398
214;396;449;11;413;486;3;126;442;124;58;485;265;274;91;268;390;76;458;350;428;300;307;471;180;90;59;218;433;333;164;330;239
335;174;196;365;480;489;211;404;89;27;343;179;123;165;231;461;184;209;356;303;5;178;307;143;491;375;186;466;395;288;280
456;45;246;372;121;275;147;392;171;97;13;470;75;448;72;238;472;128;78;10;422;101;31;479;221;377;235;22;337;371;62;360;459
215;361;8;478;240;157;130;278;282;87;106;467;144;145;306;379;222;322;401;285;454;438;125;357;141;297;488;217;342;1;160;283;204;447;273;168;139;452;111;331;152;131;369;68;340;61
336;427;108;495;434;67;482;225;278;453;498;60;305;429;324;354;193;314;310;229;357;492;344;204;252;25;20;133;32;355;112;484;82;127;386;320;18;411
457;166;173;244;34;236;455;319;250;36;109;181;74;393;73;12;158;436;399;41;407;473;117;418;202;2;469;92;37;451;249;93;219;315;398
216;94;137;434;67;341;351;475;86;302;381;35;432;324;142;193;310;493;229;4;122;277;252;25;374;32;403;355;421;189;402;127;391
337;45;176;246;372;272;223;147;392;195;97;85;140;234;75;448;376;72;456;472;339;78;481;10;435;101;479;47;378;487;191;110
458;11;55;3;126;124;58;485;265;274;268;390;76;350;428;84;69;471;180;90;59;433;214;348;330;239
217;148;292;361;64;282;199;255;409;106;467;144;46;373;177;401;285;182;438;263;215;141;210;290;297;488;342;447;258;273;17;139;48;452;131;42;293;383;61;220
338;396;260;153;414;365;325;309;489;211;27;206;179;123;165;120;184;356;5;307;143;15;291;375;186;466;19;280;102
459;45;246;275;147;392;426;384;470;75;456;472;253;128;78;400;422;289;101;267;31;445;221;377;235;298;22;371;360;256;21
218;174;449;196;486;192;442;124;58;485;425;227;23;328;91;268;412;390;76;350;300;169;7;471;6;180;433;214;317;333;164;330;408
339;94;137;341;372;351;475;272;381;311;195;35;97;85;162;140;142;448;376;352;493;4;435;318;374;47;403;378;487;387;189;337;269;191
219;166;173;34;295;236;457;455;319;250;36;109;181;393;30;158;399;66;41;332;407;473;117;418;202;469;92;37;249;93;398;417
460;423;136;121;171;33;13;185;238;10;479;134;224;62
340;8;478;397;240;495;251;157;366;130;14;284;87;145;306;379;322;146;454;314;242;95;385;215;194;297;1;160;283;204;405;168;133;111;308;71;152;132;462;369;68;247;18
461;174;196;364;335;368;365;480;489;404;89;343;49;231;184;209;303;178;491;363;466;395;288;0
220;148;292;199;24;409;106;144;46;373;237;401;285;454;65;438;290;297;217;258;273;17;452;264;42;293;61
341;94;137;434;351;475;86;302;272;381;311;35;85;135;99;216;432;324;142;193;493;339;190;321;4;188;122;318;252;374;32;403;355;421;189;402;127;406;391
462;450;8;478;397;251;116;366;130;14;284;145;379;146;242;95;52;385;194;283;405;345;114;168;308;71;167;132;68;340;463;247;18
100;176;149;197;326;163;79;205;223;35;162;161;234;104;26;88;493;437;481;435;277;16;403;487;187;402;191;110;391;419
221;45;246;275;147;392;426;384;470;456;472;253;128;78;400;422;289;101;267;31;445;377;235;298;22;371;360;256;21;459
342;148;361;240;64;157;278;282;87;106;467;144;306;222;322;177;401;285;454;438;125;215;141;210;297;488;217;1;160;447;273;139;48;452;331;131;42;369;50;61;39
463;427;286;450;397;416;251;116;225;366;468;453;14;284;129;60;367;183;242;95;52;385;410;83;155;431;150;248;170;405;345;114;133;71;167;132;462;281;203;320;247;18
101;45;246;372;121;275;147;392;171;97;13;470;75;448;72;238;456;472;128;78;400;10;422;31;479;47;221;377;235;22;337;371;62;360;256;21;459
222;361;8;240;108;495;482;157;130;278;282;382;87;306;301;314;95;125;357;215;342;492;160;344;346;204;447;25;139;112;331;152;369;294;386
343;335;365;489;211;404;27;179;165;231;461;184;209;356;303;5;178;143;491;375;466;395;288;280
464;243;443;156;279;476;265;499;227;347;412;289;471;267;6;180;113;445;444;378;230;387;433;348;241;256;276
102;396;260;338;153;414;365;325;309;489;27;206;179;123;165;120;184;356;5;307;143;15;291;375;186;466;19;280
223;176;149;326;163;372;79;205;171;35;33;97;85;162;13;161;234;104;448;72;437;100;481;10;435;16;479;403;487;187;337;134;191;110;419
344;336;108;495;434;67;482;225;278;498;305;429;222;193;314;310;125;229;357;188;492;122;204;252;25;20;133;32;355;112;484;152;82;294;127;386;320
465;57;197;434;67;86;232;477;432;324;26;88;353;229;277;233;316;53;362
103;440;63;11;201;313;323;327;74;73;490;301;208;436;182;54;151;29;496;198;262;228;494;312;334;115;380;446;50;315;56;39
224;176;423;136;460;205;171;33;13;72;185;437;481;10;479;187;134;110;62;419
345;450;416;251;116;366;468;453;14;284;367;183;52;385;410;83;155;431;150;405;114;71;167;132;462;463;203;247;18
466;338;153;414;335;365;489;211;27;343;179;123;165;461;184;356;303;5;178;307;143;15;491;291;375;186;395;280;102
104;176;149;197;326;163;351;79;205;223;35;85;162;161;234;26;88;493;437;100;481;435;277;16;403;487;187;402;191;110;391;419
225;427;336;450;8;397;495;251;366;453;284;498;60;367;305;429;354;314;242;95;385;194;492;248;344;204;20;133;112;484;152;82;132;463;386;320;247;18;411
346;108;482;382;439;98;135;99;301;222;125;299;357;420;190;321;188;122;262;252;474;25;228;32;394;355;112;9;331;261;294;406;56;386
467;148;361;8;478;240;157;130;278;282;87;106;144;145;306;322;177;401;285;454;438;215;141;210;297;488;217;342;1;160;283;447;273;139;452;111;331;131;369;61
105;396;260;34;153;414;325;36;309;96;73;490;206;208;274;120;29;198;202;291;37;312;451;93;19;446;398
226;173;295;43;200;370;349;80;271;287;418;358;424;245;207;212;417
347;243;55;443;279;40;311;265;98;140;376;352;464;77;318;180;444;378;90;230;154;59;387;433;269;348;241;70
468;416;116;129;367;183;52;410;83;155;431;150;345;114;167;463;203
106;148;292;361;240;282;199;24;409;467;144;46;306;373;237;322;177;401;285;454;65;438;215;141;210;290;297;488;217;342;1;447;258;273;17;139;452;111;131;264;42;293;383;61;220
227;329;243;486;192;483;156;476;485;425;499;81;213;268;412;464;119;300;169;471;415;6;180;113;270;230;218;433;317;408;159;276
348;243;55;3;126;443;279;40;265;98;347;352;76;464;458;77;84;69;474;180;444;394;378;90;230;154;59;387;433;269;241;70;330;239
469;166;173;244;34;295;236;457;250;430;255;200;370;181;393;30;12;158;399;41;407;287;117;418;358;2;92;424;249;219;383;417
107;455;319;325;309;109;206;66;304;473;19;398
228;440;63;201;64;313;282;382;323;327;301;208;182;54;151;420;496;141;346;262;447;494;103;394;9;334;115;261;380;294;50;56;39
349;173;295;43;236;370;30;158;80;332;287;117;418;226;358;424;245;207;212;417
108;336;434;482;278;302;429;222;193;314;310;125;229;357;188;492;122;344;346;252;25;20;32;355;112;484;82;294;127;386
229;336;57;108;434;67;482;86;302;232;498;477;305;429;216;432;324;354;193;310;353;465;344;252;25;20;32;112;421;484;82;233;127;386;53;411
109;34;236;457;455;319;36;181;393;30;158;107;66;41;332;304;407;473;202;92;219;398
470;45;246;121;275;147;392;426;75;238;456;128;78;400;422;101;31;221;377;235;22;371;62;360;256;21;459
350;396;449;11;260;413;196;486;442;124;58;211;485;274;123;91;268;165;390;76;356;458;5;428;300;307;291;375;186;218;214;333;164;330;408;239
471;243;486;192;156;279;124;58;476;485;265;499;227;268;412;390;76;464;458;300;169;6;180;90;230;218;433;214;317;164;241;330;408
230;243;443;156;279;476;499;227;347;412;464;119;289;471;267;6;180;113;445;444;378;298;387;433;317;348;241;256;276
351;94;137;434;341;79;475;86;302;272;381;311;195;35;85;162;161;216;432;324;104;142;26;193;493;339;4;435;318;277;16;374;403;487;421;189;402;191;391
472;45;246;372;443;147;392;195;97;140;75;448;376;456;128;78;400;422;289;101;267;31;445;47;221;378;377;22;387;337;371;360;256;459
110;176;149;163;246;372;79;205;223;171;33;97;85;162;13;234;75;104;448;72;437;78;100;481;10;435;479;47;487;187;337;134;191;224;62;419
231;174;364;335;368;480;404;89;343;49;257;461;209;303;178;491;363;296;395;288;0
352;94;55;137;443;279;40;475;272;381;439;311;195;98;140;135;99;142;347;376;299;339;190;321;77;318;474;374;444;378;154;387;189;269;348;406;70
473;34;236;457;455;319;325;36;109;181;393;30;206;158;107;66;41;304;407;202;92;37;451;249;93;219;19;398
111;361;8;478;240;130;14;87;106;467;144;145;306;379;237;322;146;401;454;438;215;194;297;1;283;273;168;139;452;308;264;369;68;340;61
232;57;67;86;477;432;324;44;353;229;465;118;28;38;233;316;53;362;411
353;57;434;67;86;232;498;477;432;324;44;229;465;118;20;28;38;233;316;53;362;411
474;94;55;40;439;311;98;135;99;142;352;299;420;190;321;188;77;122;84;69;346;262;318;394;154;9;334;189;261;269;348;406;56;70
112;336;108;434;67;482;225;278;302;498;429;222;193;314;310;229;357;188;492;122;344;346;204;252;25;20;133;32;355;484;82;294;127;386
233;57;434;67;86;232;498;60;477;305;429;432;324;354;44;353;229;465;118;20;28;38;82;53;411
354;427;336;286;57;67;225;366;453;498;60;367;477;305;429;44;229;248;118;170;20;133;28;38;484;82;233;281;320;18;411
475;94;137;434;341;351;302;272;381;311;195;35;85;135;99;161;216;432;324;142;193;376;352;493;339;190;4;122;435;318;374;403;421;189;402;191;391
113;389;483;156;426;476;384;499;227;81;213;138;253;128;464;400;119;289;267;6;270;445;230;298;159;276
234;176;149;163;372;79;205;223;171;35;33;97;85;162;13;161;75;104;448;72;437;100;481;10;435;16;479;47;403;487;187;337;134;191;110;419
355;94;336;108;434;482;341;302;439;429;135;99;216;142;193;310;299;357;420;190;321;4;188;122;344;346;252;25;374;32;112;82;261;294;127;406;386
476;329;243;389;192;483;156;426;384;499;227;81;213;138;412;253;464;119;289;471;415;267;6;113;270;445;230;298;433;317;159;276
114;450;416;251;116;366;468;14;284;367;183;52;385;410;83;155;431;150;405;345;71;167;462;463;203;247;18
235;45;246;121;275;147;392;171;13;470;75;238;456;128;78;422;101;31;479;221;377;22;371;62;360;21;459
356;396;449;260;338;413;153;414;335;365;442;309;489;211;27;343;179;123;91;165;120;184;303;350;5;428;307;143;15;491;291;375;186;466;333;280;102
477;57;434;67;86;232;498;305;429;432;324;354;193;44;310;353;229;465;118;20;28;38;421;233;127;316;53;411
115;440;63;11;201;313;3;126;327;490;208;274;54;151;29;420;84;69;262;228;494;103;394;59;312;9;334;380;446;56;239
236;173;295;457;319;109;181;349;393;30;158;399;66;80;332;407;473;287;117;418;469;92;219;417
357;336;361;8;397;240;108;495;482;157;278;382;87;306;429;222;314;95;125;215;492;160;344;346;204;25;133;32;355;112;331;484;152;82;369;294;386
478;361;8;397;240;157;130;14;87;467;145;306;379;237;322;146;454;242;438;95;385;215;194;297;1;283;405;168;452;111;308;152;132;462;369;68;340;61
116;450;416;251;366;468;284;129;367;183;52;410;83;155;431;150;405;345;114;71;167;462;463;203
237;478;199;409;106;144;145;322;401;454;65;438;297;1;258;273;452;111;264;61;220
358;173;295;250;430;200;370;349;373;158;399;271;407;290;287;117;418;226;469;424;245;212;417
479;176;136;246;460;372;205;121;275;223;147;392;171;33;97;13;234;75;72;185;238;456;437;78;481;10;101;235;187;22;337;134;224;110;62
117;166;173;244;34;295;236;457;250;430;255;200;370;181;349;393;30;12;158;399;41;407;287;418;358;469;92;424;249;245;219;417
238;423;136;460;121;275;171;13;470;75;72;185;456;78;10;101;479;235;62
359;174;329;192;175;497;441;480;425;89;259;23;328;49;257;388;300;169;7;266;415;270;254;363;172;317;296;51;164;408
118;286;57;232;498;60;477;305;354;44;353;248;170;28;38;233;281;411
239;11;55;413;3;126;442;124;58;265;274;91;268;390;76;458;350;428;84;69;180;90;59;433;115;214;348;330
119;329;389;192;483;156;426;476;384;499;227;81;213;138;253;289;415;267;6;113;270;445;230;298;159;276
10;176;246;460;372;205;121;275;223;392;171;33;97;13;234;75;448;72;185;238;456;437;78;481;101;479;487;187;337;134;191;224;110;62;419
11;63;396;413;3;126;442;96;58;265;490;208;274;91;54;390;76;29;458;350;428;84;69;180;103;90;59;312;334;115;214;446;333;330;239
12;166;292;244;34;457;250;430;36;255;200;181;74;73;436;177;399;182;41;263;407;210;117;418;202;2;17;469;92;48;37;249;93;42;293;315;383
13;176;423;136;460;372;205;121;275;223;171;33;234;75;72;185;238;456;437;78;481;10;101;479;235;187;134;224;110;62
14;450;8;478;397;495;251;366;130;284;145;306;379;322;146;242;95;52;385;194;1;283;204;405;345;114;168;111;308;71;152;132;462;68;340;463;247;18
15;338;153;414;365;325;309;489;27;206;179;120;184;356;304;143;291;466;19;280;102
16;149;197;326;163;351;79;86;223;35;85;162;161;432;234;104;26;88;493;100;435;277;403;487;402;191;316;391;362
17;148;292;244;250;430;199;24;255;409;200;106;144;46;373;12;177;401;285;65;210;290;217;258;273;131;264;42;293;383;220
18;427;336;450;8;397;495;251;225;366;130;453;14;284;498;60;367;379;305;429;354;314;242;95;385;194;431;492;248;204;345;114;20;133;71;484;167;152;82;132;462;340;463;320;247
19;260;338;455;319;153;414;325;309;96;27;206;179;107;120;304;473;105;15;291;186;451;398;102
480;174;196;175;497;335;368;441;404;425;89;259;23;328;49;257;231;461;303;359;300;169;7;491;266;254;363;296;395;164;408;288
360;45;246;147;392;426;384;140;470;75;456;472;253;128;78;400;422;289;101;267;31;445;221;377;235;298;22;371;256;276;21;459
481;176;149;163;372;79;205;223;171;33;97;162;13;234;75;104;448;72;185;437;100;10;479;487;187;337;134;191;224;110;62;419
240;361;8;478;397;495;157;130;278;282;87;106;467;144;145;306;379;222;322;401;285;454;242;438;125;357;215;194;297;488;342;1;160;283;204;447;273;168;139;452;111;308;331;152;131;369;68;340;61
361;148;8;478;240;157;130;278;282;87;106;467;144;145;306;379;222;322;177;401;285;454;438;125;357;215;141;297;488;217;342;1;160;283;204;447;273;139;452;111;331;152;131;369;68;61
482;336;108;434;302;439;429;222;193;310;125;229;357;321;4;188;492;122;344;346;252;25;374;32;355;112;82;261;294;127;386
120;396;260;338;413;153;414;325;309;96;27;206;179;123;165;356;198;105;307;15;291;375;186;451;19;446;280;102
241;243;55;443;156;279;499;140;347;376;464;77;289;471;267;445;444;378;230;387;433;269;348;256;276
362;197;326;86;232;432;26;88;353;465;277;16;402;316;391;53
483;329;389;192;156;476;384;499;227;81;213;138;253;119;415;6;113;270;445;298;159;276
121;45;136;246;460;372;275;147;392;171;13;470;75;72;185;238;456;78;10;101;479;235;22;371;62
242;427;450;8;478;397;240;495;251;225;157;366;130;278;453;14;284;87;145;306;379;322;146;314;95;385;194;1;492;160;283;204;405;168;133;308;71;484;152;132;462;369;68;340;463;320;247;18
363;174;364;497;368;441;480;404;89;259;23;49;257;231;461;209;359;266;254;296;288;0
484;427;336;8;397;108;495;225;366;278;453;498;60;305;429;354;314;242;95;310;385;229;357;194;492;160;344;204;25;20;133;112;152;82;132;386;320;247;18;411
122;94;108;137;434;482;341;475;302;381;439;311;98;135;99;216;324;142;193;310;299;420;190;321;4;188;344;346;318;252;474;25;374;32;355;112;421;189;261;294;127;406
243;55;443;156;279;476;265;499;227;140;347;464;289;471;267;6;180;445;444;378;90;230;387;433;348;241;256;276
364;368;441;404;89;49;257;231;461;209;363;296;0
485;174;449;413;196;486;192;442;124;58;211;265;227;328;91;268;412;390;76;458;350;428;300;169;7;471;180;218;433;214;317;333;164;330;408
123;396;449;260;338;413;196;153;414;335;365;442;124;211;27;179;91;165;120;184;356;303;350;5;428;307;143;491;291;375;186;466;333;280;102
244;166;292;34;457;250;430;36;255;323;181;74;73;12;436;177;399;182;41;263;407;210;117;418;202;2;17;469;92;48;37;249;93;131;42;293;315;383
365;338;196;153;414;335;489;211;27;343;179;123;165;461;184;356;303;5;178;307;143;15;491;291;375;186;466;395;288;280;102
486;174;449;413;196;192;442;124;58;211;485;425;227;328;91;268;412;390;76;350;428;300;169;7;471;6;180;218;433;214;317;333;164;330;408
124;174;449;413;196;486;442;58;211;485;265;328;123;91;268;412;165;390;76;458;350;5;428;300;307;169;7;471;180;90;218;433;214;317;333;164;330;408;239
245;173;295;43;200;370;349;399;80;271;287;117;418;226;358;424;207;212;417
366;427;286;450;397;416;495;251;116;225;453;14;284;60;367;305;354;242;95;52;385;194;410;83;431;248;345;114;133;71;484;167;132;462;281;340;463;203;320;247;18
487;176;149;163;246;372;351;79;205;272;223;195;35;97;85;162;161;234;75;104;448;72;493;339;100;481;10;435;16;47;403;187;337;191;110
125;361;240;64;108;482;157;278;282;382;87;301;222;314;357;215;141;488;342;492;160;344;346;204;447;139;331;152;369;294;50;386;39
246;45;176;372;121;275;147;392;97;140;470;75;448;72;456;472;128;78;400;10;422;101;479;47;221;377;235;487;22;337;110;360;256;459
367;427;286;450;416;251;116;225;366;468;453;284;129;60;305;354;52;385;410;83;155;431;150;248;170;345;114;133;71;167;281;463;203;320;247;18
488;440;148;361;240;64;282;382;323;87;106;467;144;301;177;285;182;263;125;215;496;141;210;217;342;447;273;139;494;48;331;131;42;369;293;50;39
126;63;11;55;413;3;58;265;274;268;390;76;458;428;84;69;262;180;394;90;154;59;9;334;115;214;348;330;239
247;427;450;8;397;495;251;225;366;130;453;14;284;60;367;145;379;146;314;242;95;52;385;194;431;283;204;405;345;114;168;133;308;71;484;167;152;132;462;68;340;463;320;18
368;364;441;480;404;89;49;257;231;461;209;363;296;288;0
489;338;153;335;365;27;343;179;165;461;184;356;303;5;178;143;15;491;375;186;466;395;280;102
127;336;108;434;67;482;341;86;302;498;477;429;216;432;324;193;310;229;4;188;122;344;252;25;20;374;32;355;112;421;82;386
248;427;286;57;450;225;366;453;498;129;60;367;305;354;44;410;83;431;118;170;20;28;38;281;463;320;18;411
369;361;8;478;397;240;495;157;130;278;282;382;87;467;145;306;379;222;322;285;314;242;95;125;357;215;194;297;488;342;1;492;160;283;204;447;168;139;452;111;331;152;132;68;340;386
128;45;389;246;147;392;426;384;470;456;472;253;78;400;422;289;101;267;113;31;445;221;377;235;298;22;371;360;256;276;21;459
249;166;244;34;313;457;250;430;36;255;323;327;181;74;73;12;436;399;41;263;407;473;198;117;202;2;469;92;48;37;312;451;93;219;315;398
129;286;450;416;116;468;367;183;410;83;155;431;150;248;170;167;281;463;203
20;427;336;57;108;434;67;225;453;498;60;477;305;429;324;354;310;353;229;492;248;344;252;25;133;28;32;112;38;484;82;233;127;386;320;18;411
21;45;147;392;426;384;470;253;128;400;422;289;101;267;31;221;377;235;298;22;371;360;256;459
22;45;246;121;275;147;392;426;384;470;75;456;472;128;78;400;422;289;101;267;31;479;221;377;235;371;360;256;21;459
23;174;329;196;192;175;497;441;480;404;425;89;259;328;49;257;359;388;300;169;7;266;415;254;218;363;172;296;51;164;408;288
24;148;292;199;409;106;46;373;401;65;290;258;17;264;42;293;383;220
25;336;108;434;67;482;278;302;429;222;216;324;193;314;310;229;357;188;492;122;344;346;252;20;32;355;112;484;82;294;127;386
26;149;197;326;163;351;79;86;35;162;161;432;104;88;493;100;465;277;16;403;421;402;191;316;391;53;362
27;260;338;153;414;335;365;325;309;489;343;179;123;165;120;184;356;303;5;307;143;15;491;291;375;186;466;19;280;102
28;286;57;67;232;498;60;477;305;354;44;353;248;118;170;20;38;233;281;320;411
29;63;11;201;313;96;327;73;490;208;436;274;54;151;198;105;103;312;451;334;115;380;446;315
490;63;11;201;313;36;323;96;327;74;73;208;436;274;54;151;29;198;105;494;103;37;312;451;334;115;93;380;446;315
370;173;295;200;349;399;271;287;117;418;226;358;469;424;245;212;417
491;174;196;335;365;480;489;211;404;89;27;343;179;123;165;231;461;184;209;356;303;5;178;307;143;375;186;466;395;288;280
250;166;292;173;244;34;457;430;255;200;181;393;373;12;158;399;41;407;290;287;117;418;358;2;17;469;92;424;249;219;42;293;383;417
371;45;121;275;147;392;426;384;470;75;456;472;128;78;400;422;289;101;267;31;221;377;235;298;22;360;256;21;459
492;427;336;8;397;108;495;482;225;157;130;278;453;87;379;429;222;314;242;95;310;125;357;194;160;344;283;204;25;20;133;32;112;331;484;152;82;132;369;386;320;18
130;361;8;478;397;240;495;251;157;278;14;87;467;145;306;379;222;322;146;454;314;242;95;385;215;194;297;1;492;160;283;204;405;168;133;139;452;111;308;152;132;462;369;68;340;247;18;61
251;427;450;8;397;416;495;116;225;366;130;453;14;284;367;379;146;242;95;52;385;194;431;283;405;345;114;168;133;308;71;167;132;462;68;340;463;203;247;18
372;45;176;246;205;121;275;223;147;392;171;97;85;162;140;13;234;75;448;72;456;472;339;78;481;10;435;101;479;47;487;187;337;191;110
493;149;197;137;434;326;163;341;351;79;475;86;302;272;381;35;85;162;161;216;432;324;104;26;88;339;100;4;435;277;16;374;403;487;421;402;191;391
131;148;292;361;244;240;64;282;255;323;409;106;467;144;46;177;401;285;182;263;215;496;141;210;488;217;342;447;273;17;139;48;452;42;293;50;383;61;39
252;336;108;434;67;482;341;302;429;216;324;142;193;310;229;321;4;188;122;344;346;25;20;374;32;355;112;421;82;127;386
373;148;292;250;430;199;24;255;409;200;106;46;401;65;271;290;217;358;258;17;264;42;293;383;220
494;440;63;201;64;313;282;382;323;327;74;73;490;301;208;436;177;182;54;151;263;496;141;488;262;447;228;48;103;312;334;115;380;50;315;56;39
132;427;450;8;478;397;495;251;225;157;366;130;278;453;14;284;145;306;379;322;146;314;242;95;385;194;1;492;160;283;204;405;345;168;133;308;71;484;152;462;369;68;340;463;320;247;18
253;389;483;156;426;476;384;81;213;138;128;400;119;289;267;113;31;445;221;298;360;159;276;21;459
374;94;137;434;482;341;351;475;302;272;381;439;311;35;98;135;99;216;324;142;193;352;493;299;339;190;321;4;188;122;318;252;32;403;355;421;189;402;127;406
495;427;336;8;397;240;251;225;157;366;130;278;453;14;87;60;306;379;429;222;314;242;95;385;357;194;492;160;344;283;204;168;133;484;152;82;132;369;340;386;320;247;18
133;427;336;450;8;397;495;251;225;157;366;130;278;453;498;60;367;379;305;429;354;314;242;95;385;357;194;492;160;344;204;20;112;484;152;82;132;340;463;386;320;247;18
254;174;329;196;192;175;497;441;480;404;425;89;259;23;328;49;257;359;388;300;169;7;266;415;363;172;296;51;164;408;288
375;396;449;260;338;413;196;153;414;335;365;442;489;211;27;343;179;123;91;165;120;184;356;303;350;5;428;307;143;491;291;186;466;333;395;280;102
496;440;201;64;313;282;382;323;327;74;73;301;208;436;177;182;54;151;263;141;210;488;447;228;494;48;103;331;131;380;50;315;39
134;176;423;136;163;460;205;223;171;33;13;234;72;185;437;481;10;479;187;224;110;62;419
255;148;166;292;244;250;430;200;181;46;74;373;12;177;399;182;41;263;407;210;290;117;217;418;2;17;469;92;48;249;131;42;293;315;383
376;94;55;137;443;279;40;475;272;381;311;195;85;140;135;142;347;448;352;472;339;77;435;318;444;47;378;387;189;337;269;241;70
497;174;329;192;175;441;480;425;89;259;23;328;49;257;359;388;300;169;7;266;415;270;254;363;172;317;296;51;164;408
135;94;55;137;341;40;475;302;272;381;439;311;195;98;99;142;376;352;299;420;190;321;4;188;77;122;346;318;474;374;394;355;154;9;189;261;269;406;70
256;45;243;246;443;147;392;426;384;140;470;472;128;464;78;400;422;289;101;267;31;445;221;378;377;230;298;22;387;371;241;360;276;21;459
377;45;246;275;147;392;426;384;140;470;75;456;472;128;78;400;422;289;101;267;31;445;221;235;298;22;371;360;256;276;21;459
498;427;336;286;57;67;225;453;60;477;305;429;354;44;310;353;229;248;118;344;20;133;28;112;38;484;82;233;127;386;320;18;411
136;423;460;121;171;33;13;185;238;479;134;224;62
257;174;175;364;497;368;441;480;404;425;89;259;23;328;49;231;359;388;7;266;254;363;172;296;51;288
378;45;243;55;443;279;40;272;195;140;347;376;352;472;339;464;77;318;289;267;445;444;47;230;387;337;269;348;241;256;276
499;243;389;192;483;443;156;279;476;227;81;213;138;268;412;464;119;289;471;267;6;113;445;230;298;433;317;241;159;276
137;94;341;351;475;302;272;381;439;311;195;35;85;98;135;99;216;142;193;376;352;493;299;339;190;321;4;188;77;122;435;318;374;403;421;189;269;402;406;70
258;148;292;199;24;409;106;144;46;373;237;401;65;438;290;217;273;17;452;264;293;61;220
379;361;8;478;397;240;495;251;157;130;278;14;87;145;306;322;146;454;314;242;95;385;215;194;297;1;492;160;283;204;405;168;133;452;111;308;71;152;132;462;369;68;340;247;18
138;389;483;156;426;476;384;499;81;213;253;119;113;270;445;298;159;276
259;174;329;196;192;175;497;441;480;404;425;89;23;328;49;257;359;388;300;169;7;266;415;254;363;172;296;51;164;408;288
139;148;361;240;64;157;130;278;282;382;87;106;467;144;306;222;322;177;401;285;454;438;125;215;141;210;297;488;217;342;1;160;447;273;48;452;111;331;131;369;50;61;39
30;173;295;43;236;319;109;181;349;393;158;399;66;80;332;407;473;287;117;418;469;92;219;417
31;45;389;147;392;426;384;470;456;472;253;128;78;400;422;289;101;267;445;221;377;235;298;22;371;360;256;21;459
32;336;108;434;67;482;341;302;429;216;324;193;310;229;357;4;188;492;122;344;346;252;25;20;374;355;112;421;82;294;127;386
33;176;423;136;163;460;205;223;171;13;234;72;185;437;481;10;479;187;134;224;110;62;419
34;166;244;457;455;319;250;36;109;181;74;393;73;12;158;436;399;41;407;473;198;117;105;202;2;469;92;37;451;249;93;219;315;398
35;149;197;137;326;163;341;351;79;475;272;223;381;195;85;162;161;216;432;234;104;26;88;448;493;339;100;4;435;277;16;374;403;487;421;402;191;391
36;166;244;34;457;109;96;181;74;73;490;206;208;12;436;41;407;473;198;105;202;2;92;37;312;451;249;93;219;315;398
37;166;244;34;313;457;36;323;96;327;181;74;73;490;208;12;436;151;41;263;407;473;198;105;202;2;92;312;451;249;93;219;315;398
38;286;57;232;498;60;477;305;354;44;353;248;118;170;20;28;233;281;411
39;440;201;64;313;282;382;323;327;74;301;436;177;182;54;151;263;125;496;141;210;488;342;447;139;228;494;48;103;331;131;380;50;315
380;440;63;201;64;313;323;327;74;73;490;301;208;436;182;54;151;263;29;496;141;198;262;228;494;48;103;312;334;115;50;315;56;39
260;396;449;338;413;153;414;325;442;309;96;211;27;206;179;274;123;91;165;120;356;350;198;5;428;105;307;291;375;186;451;19;446;333;280;102
381;94;137;341;351;475;302;272;439;311;195;35;85;98;135;99;216;142;376;352;493;299;339;190;321;4;77;122;435;318;374;403;421;189;269;402;406;70
140;45;243;246;372;443;279;272;147;392;195;97;85;347;448;376;352;472;339;422;289;267;445;444;47;378;377;387;337;269;241;360;256;276
261;94;482;382;439;311;98;135;99;301;142;299;420;190;321;188;122;84;346;262;474;228;394;355;154;9;334;189;294;406;56;70
382;440;64;157;278;282;87;301;222;125;357;420;496;141;488;160;346;447;139;228;494;331;261;369;294;50;39
141;440;148;361;201;64;313;282;382;323;327;106;467;144;74;301;177;285;182;151;263;125;215;496;210;488;217;342;447;139;228;494;48;331;131;42;380;50;39
262;440;63;201;3;126;40;439;98;301;54;299;420;321;84;69;346;474;228;494;103;394;154;59;9;334;115;261;380;406;56;70
383;148;166;292;244;250;430;24;255;409;200;106;144;46;74;373;12;177;263;210;290;217;2;17;469;48;131;42;293
142;94;137;341;351;40;475;302;272;381;439;311;195;98;135;99;216;193;376;352;299;339;190;321;4;188;77;122;318;252;474;374;403;355;154;421;189;261;269;406;70
263;440;148;166;292;244;201;64;313;430;282;255;323;327;74;73;12;436;177;285;182;151;496;141;210;488;217;447;2;494;48;37;249;93;131;42;380;293;50;315;383;39
384;389;483;426;476;81;138;253;128;400;119;422;289;267;113;31;445;221;377;298;22;371;360;256;276;21;459
143;338;153;414;335;365;489;211;27;343;179;123;165;184;356;303;5;178;307;15;491;291;375;186;466;395;280;102
264;148;199;24;409;106;144;46;373;237;401;454;65;438;290;297;258;273;17;452;111;293;61;220
385;427;450;8;478;397;495;251;225;366;130;453;14;284;60;367;145;379;146;314;242;95;52;194;283;204;405;345;114;168;133;308;71;484;167;152;132;462;68;340;463;320;247;18
144;148;292;361;240;282;199;409;106;467;46;306;237;322;177;401;285;454;65;438;215;141;210;290;297;488;217;342;1;447;258;273;17;139;452;111;131;264;42;293;383;61;220
265;11;243;55;3;126;279;124;58;485;347;268;412;390;76;464;458;84;69;471;180;90;59;433;214;348;330;239
386;336;108;495;482;225;157;278;498;429;222;314;95;310;125;229;357;188;492;160;344;346;204;252;25;20;133;32;355;112;331;484;152;82;369;294;127
145;361;8;478;397;240;157;130;14;87;467;306;379;237;322;146;454;242;438;95;385;215;194;297;1;283;405;168;452;111;308;152;132;462;369;68;340;247;61
266;174;329;192;175;497;441;480;425;89;259;23;328;49;257;359;388;169;7;415;270;254;363;172;296;51
387;45;243;55;443;279;40;195;140;347;376;352;472;339;464;77;289;267;445;444;47;378;230;269;348;241;256;276
146;8;478;397;251;130;14;145;306;379;322;454;242;385;194;297;1;283;405;168;452;111;308;71;132;462;68;340;247;61
267;45;243;389;443;156;279;147;392;426;476;384;499;140;472;253;128;464;400;119;422;289;113;31;445;221;378;377;230;298;22;387;371;241;360;256;276;21;459
388;329;192;175;497;441;425;259;213;23;49;257;359;169;7;266;415;270;254;172;296;51;159
147;45;246;372;121;275;392;426;97;140;470;75;448;72;456;472;128;78;400;422;289;101;267;31;479;47;221;377;235;22;337;371;360;256;21;459
268;449;486;3;126;442;124;58;485;265;499;227;91;412;390;76;458;350;428;300;169;471;6;180;90;59;218;433;214;317;333;164;330;408;239
389;483;156;426;476;384;499;81;213;138;253;128;400;119;289;267;113;270;31;445;298;159;276
148;292;361;282;199;24;255;409;106;467;144;46;373;177;401;285;65;438;263;141;210;290;297;488;217;342;447;258;273;17;139;48;452;131;264;42;293;383;61;220
269;94;55;137;443;279;40;272;381;439;311;195;98;140;135;99;142;347;376;352;299;339;190;321;77;318;474;444;378;154;387;189;348;241;406;70
149;176;197;326;163;79;205;223;35;162;161;234;104;26;88;493;437;100;481;277;16;403;487;187;191;110;391;419
40;94;55;279;439;311;98;135;99;142;347;376;352;299;420;190;321;77;84;69;262;318;474;444;394;378;90;154;59;9;387;189;269;348;406;56;70
41;166;244;34;457;250;430;36;255;109;181;74;393;73;12;436;399;407;473;198;117;202;2;469;92;37;312;451;249;93;219;315;398
42;148;292;244;250;430;24;255;409;106;144;46;74;373;12;177;401;285;182;263;141;210;290;488;217;342;273;17;48;131;293;383;220
43;173;295;349;30;80;332;287;226;245;207;212;417
44;286;57;232;498;477;305;354;353;248;118;170;28;38;233;281;411
45;246;372;443;121;275;147;392;97;140;470;75;448;72;456;472;128;78;400;422;289;101;267;31;445;47;221;378;377;235;22;387;337;371;360;256;21;459
46;148;292;430;199;24;255;409;106;144;373;401;285;65;210;290;217;258;273;17;131;264;42;293;383;220
47;45;246;372;443;272;147;392;195;97;85;140;234;75;448;376;72;472;339;78;435;101;378;487;387;337;191;110
48;440;148;166;292;244;201;64;313;282;255;323;327;74;73;12;436;177;285;182;151;263;496;141;210;488;217;342;447;2;139;494;249;131;42;380;293;50;315;383;39
49;174;196;175;364;497;368;441;480;404;425;89;259;23;328;257;231;461;359;388;169;7;266;254;363;172;296;51;164;408;288
390;449;11;413;486;3;126;442;124;58;211;485;265;274;328;91;268;412;76;458;350;428;300;307;169;471;180;90;59;218;433;214;333;164;330;408;239
270;329;389;192;175;497;483;156;476;425;227;81;213;138;359;388;119;266;415;6;113;172;317;51;159
391;149;197;326;163;341;351;79;475;86;35;162;161;216;432;324;104;26;88;493;100;435;277;16;403;421;402;191;316;53;362
150;450;416;116;468;284;129;367;183;52;410;83;155;431;345;114;71;167;463;203
271;200;370;373;287;226;358;424;245;212;417
392;45;246;372;121;275;147;426;97;140;470;75;448;72;456;472;128;78;400;10;422;289;101;267;31;479;47;221;377;235;22;337;371;360;256;21;459
151;440;63;201;64;313;323;327;74;73;490;301;208;436;182;54;263;29;496;141;198;2;228;494;48;103;37;312;334;115;93;380;50;315;39
272;94;137;341;351;475;381;311;195;35;85;140;135;99;142;448;376;352;493;339;190;4;77;435;318;374;47;403;378;487;189;337;269;191
393;173;34;295;236;457;319;250;109;181;30;158;399;66;41;332;407;473;287;117;418;202;469;92;219;398;417
152;361;8;478;397;240;495;225;157;130;278;14;87;145;306;379;222;322;314;242;95;125;385;357;215;194;1;492;160;344;283;204;168;133;331;484;132;369;68;340;386;247;18
273;148;292;361;240;199;409;87;106;467;144;46;306;237;322;177;401;285;454;65;438;215;210;297;488;217;342;1;258;17;139;452;111;131;264;42;293;61;220
394;63;55;3;126;40;439;98;135;99;299;420;190;321;77;84;69;346;262;474;228;154;59;9;334;115;261;348;406;56;70
153;396;260;338;414;365;325;309;489;211;27;206;179;123;165;120;184;356;5;105;307;143;15;291;375;186;466;19;280;102
274;63;396;449;11;260;413;3;126;442;96;58;490;208;91;390;76;29;458;350;428;105;69;307;59;312;115;214;446;333;330;239
395;174;196;335;365;480;489;211;404;89;343;165;231;461;184;209;303;5;178;143;491;375;466;288;280
154;94;55;3;126;40;439;311;98;135;99;142;347;352;299;420;190;321;77;84;69;262;318;474;444;394;59;9;334;189;261;269;348;406;56;70
275;45;246;372;121;147;392;171;13;470;75;72;185;238;456;78;10;422;101;479;221;377;235;22;371;62;459
396;449;11;260;338;413;153;414;442;96;58;211;179;274;123;91;165;120;356;350;5;428;105;307;291;375;186;214;446;333;280;102
155;450;416;116;468;284;129;367;183;52;410;83;431;150;345;114;167;281;463;203
276;243;389;483;443;156;279;426;476;384;499;227;140;138;253;128;464;400;119;422;289;267;6;113;445;378;377;230;298;387;433;241;360;256
397;427;450;8;478;240;495;251;225;157;366;130;278;453;14;284;87;145;306;379;322;146;314;242;95;385;357;194;1;492;160;283;204;405;168;133;308;71;484;152;132;462;369;68;340;463;320;247;18
156;329;243;389;192;483;476;499;227;81;213;138;412;253;464;119;289;471;415;267;6;113;270;445;230;298;433;317;241;159;276
277;149;197;326;163;351;79;86;35;162;161;216;432;324;104;26;88;493;100;465;16;403;421;402;316;391;53;362
398;34;457;455;319;325;36;309;109;181;393;206;107;41;304;473;105;202;92;37;451;249;93;219;19
157;361;8;478;397;240;495;130;278;382;87;467;145;306;379;222;322;314;242;95;125;357;215;194;297;342;1;492;160;283;204;447;168;133;139;452;331;152;132;369;68;340;386
278;336;361;8;397;240;108;495;157;130;382;87;467;306;379;222;322;314;242;95;125;357;215;194;342;1;492;160;344;283;204;25;133;139;112;331;484;152;132;369;294;386
399;166;173;244;34;295;236;457;250;430;255;200;370;181;393;30;12;158;41;407;287;117;418;358;469;92;424;249;245;219;417
158;173;34;295;236;457;319;250;109;200;181;349;393;30;399;66;80;332;407;473;287;117;418;358;469;92;424;219;417
279;243;55;443;40;265;499;140;347;376;352;464;77;289;471;267;180;445;444;378;90;230;387;433;269;348;241;276
159;329;389;192;175;483;156;476;425;499;227;81;213;138;412;253;388;119;415;6;113;270;172;317;51
50;440;201;64;313;282;382;323;327;74;301;436;177;285;182;54;151;263;125;496;141;210;488;342;447;139;228;494;48;103;331;131;380;315;39
51;329;192;175;497;441;425;259;213;23;49;257;359;388;266;415;270;254;172;296;159
52;450;416;251;116;366;468;14;284;367;183;385;410;83;155;431;150;405;345;114;71;167;462;463;203;247
53;57;197;434;67;86;232;477;432;324;26;88;353;229;465;277;421;233;402;316;391;362;411
54;440;63;11;201;313;323;327;74;73;490;301;208;436;182;151;29;496;198;262;228;494;103;312;334;115;380;446;50;315;56;39
55;94;243;3;126;443;279;40;439;311;265;98;135;99;347;376;352;299;190;458;77;84;69;318;474;180;444;394;378;90;154;59;9;387;189;269;348;241;406;70;239
56;440;63;201;40;439;98;99;301;54;299;420;190;321;188;84;69;346;262;474;228;494;103;394;154;59;9;334;115;261;380;294;406;70
57;427;286;67;232;498;60;477;305;354;44;353;229;248;465;118;170;20;28;38;233;281;320;53;411
58;396;449;11;413;486;3;126;442;124;485;265;274;91;268;390;76;458;350;428;69;300;307;471;180;90;59;218;433;214;333;330;239
59;63;11;55;3;126;40;58;265;347;274;268;390;76;458;84;69;262;180;394;90;154;9;334;115;214;348;56;330;239
280;396;449;260;338;153;414;335;365;489;211;27;343;179;123;165;120;184;356;303;5;178;307;143;15;491;291;375;186;466;395;102
160;361;8;397;240;495;157;130;278;382;87;467;306;379;222;322;314;242;95;125;357;215;194;342;1;492;283;204;168;133;139;331;484;152;132;369;340;386
281;427;286;57;450;366;453;129;60;367;305;354;44;410;83;155;431;248;118;170;28;38;167;463;320
161;149;197;326;163;351;79;475;86;223;35;85;162;432;234;104;26;88;493;100;435;277;16;403;487;421;402;191;391
282;440;148;361;240;64;382;323;87;106;467;144;301;222;177;285;182;263;125;215;496;141;210;488;217;342;447;139;228;494;48;331;131;369;50;39
162;176;149;197;326;163;372;351;79;205;223;35;97;85;161;234;104;26;88;448;493;339;437;100;481;435;277;16;403;487;187;402;191;110;391;419
283;361;8;478;397;240;495;251;157;130;278;14;87;467;145;306;379;322;146;454;314;242;95;385;215;194;297;1;492;160;204;405;168;452;111;308;152;132;462;369;68;340;247;61
163;176;149;197;326;79;205;223;35;33;162;161;234;104;26;88;493;437;100;481;435;277;16;403;487;187;134;191;110;391;419
284;427;450;397;416;251;116;225;366;453;14;367;183;242;95;52;385;194;410;83;155;431;150;405;345;114;71;167;132;462;340;463;203;247;18
164;174;449;196;486;192;175;497;442;480;124;211;485;425;259;23;328;91;49;268;412;390;350;5;359;300;169;7;471;254;218;214;317;333;408;288
285;148;292;361;240;64;282;409;87;106;467;144;46;306;322;177;401;454;438;263;215;141;210;297;488;217;342;1;447;273;17;139;48;452;331;131;42;369;293;50;61;220
165;396;449;260;338;413;196;153;414;335;365;442;489;124;211;27;343;179;123;91;120;184;356;303;350;5;428;307;143;491;291;375;186;466;333;395;280;102
286;427;57;450;366;453;498;129;60;367;305;354;44;410;83;431;248;118;170;28;38;281;463;320;411
166;244;34;313;457;250;430;36;255;323;327;181;74;73;12;436;399;182;41;263;407;198;117;202;2;469;92;48;37;312;249;93;219;315;383
287;173;295;43;236;250;200;370;349;393;30;158;399;80;271;407;117;418;226;358;469;424;245;207;212;417
167;450;416;251;116;366;468;453;284;129;367;183;52;385;410;83;155;431;150;405;345;114;71;462;281;463;203;247;18
288;174;196;335;368;365;480;211;404;89;259;23;343;328;49;257;231;461;209;303;178;7;491;254;363;395;164
168;8;478;397;240;495;251;157;130;14;87;145;306;379;322;146;454;242;95;385;215;194;297;1;160;283;204;405;452;111;308;71;152;132;462;369;68;340;247;61
289;45;243;389;443;156;279;147;392;426;476;384;499;140;472;253;128;464;400;119;422;267;113;31;445;221;378;377;230;298;22;387;371;241;360;256;276;21;459
169;174;329;196;486;192;175;497;480;124;485;425;259;227;23;328;49;268;412;390;359;388;300;7;471;266;415;6;254;218;172;317;164;408
60;427;336;286;57;450;495;225;366;453;498;367;305;429;354;314;95;385;431;248;118;170;20;133;28;38;484;82;233;281;463;320;247;18;411
61;148;361;478;240;130;199;409;87;106;467;144;145;306;237;322;146;401;285;454;438;215;297;217;342;1;283;258;273;168;139;452;111;308;131;264;68;220
62;176;423;136;460;121;275;171;33;13;470;75;72;185;238;456;78;481;10;101;479;235;134;224;110
63;11;201;313;3;126;96;327;73;490;208;436;274;54;151;29;198;84;69;262;228;494;103;394;59;312;334;115;380;446;56
64;440;201;313;282;382;323;327;74;301;436;177;285;182;151;263;125;496;141;210;488;217;342;447;139;228;494;48;331;131;380;50;315;39
65;148;292;199;24;409;106;144;46;373;237;401;438;290;258;273;17;264;293;220
66;173;295;236;455;319;109;181;393;30;158;107;332;407;473;92;219
67;336;57;434;86;302;232;498;477;305;429;216;432;324;354;193;310;353;229;465;344;252;25;20;28;32;112;421;82;233;127;53;411
68;361;8;478;397;240;251;157;130;14;87;145;306;379;322;146;454;242;438;95;385;215;194;297;1;283;204;405;168;452;111;308;152;132;462;369;340;247;61
69;63;11;55;3;126;40;58;265;98;274;76;420;458;84;262;474;180;394;90;154;59;9;334;115;348;56;70;330;239
290;148;292;250;430;199;24;255;409;200;106;144;46;373;401;65;217;358;258;17;264;42;293;383;220
170;286;57;453;129;60;367;354;44;410;83;431;248;118;28;38;281;463
291;396;449;260;338;413;153;414;365;325;442;309;96;211;27;206;179;123;91;165;120;184;356;350;5;428;105;307;143;15;375;186;466;19;446;333;280;102
171;176;423;136;460;372;205;121;275;223;33;97;13;234;75;72;185;238;456;437;78;481;10;101;479;235;187;134;224;110;62;419
292;148;244;250;430;199;24;255;409;106;144;46;373;12;177;401;285;65;263;210;290;217;258;273;17;48;131;42;293;383;220
172;329;192;175;497;441;425;259;213;23;49;257;359;388;169;7;266;415;270;254;296;51;159
293;148;292;244;250;430;199;24;255;409;106;144;46;373;12;177;401;285;65;263;210;290;488;217;258;273;17;48;131;264;42;383;220
173;295;43;236;457;250;430;200;370;181;349;393;30;158;399;66;80;332;407;287;117;418;226;358;469;92;424;245;219;417
294;108;482;278;382;439;301;222;125;299;357;420;321;188;122;344;346;25;228;32;355;112;331;261;56;386
174;196;486;175;497;335;441;480;124;211;404;485;425;89;259;23;328;49;257;231;461;303;359;300;169;7;491;266;254;218;363;395;164;408;288
295;173;43;236;200;370;349;393;30;158;399;66;80;332;407;287;117;418;226;358;469;424;245;219;207;212;417
175;174;329;192;497;441;480;425;259;213;23;328;49;257;359;388;300;169;7;266;415;270;254;172;317;296;51;164;408;159
296;175;364;497;368;441;480;404;89;259;23;49;257;231;359;388;266;254;363;172;51;0
176;149;163;246;372;79;205;223;171;33;97;162;13;234;75;104;448;72;185;437;78;100;481;10;435;479;487;187;337;134;191;224;110;62;419
297;148;361;8;478;240;157;130;199;87;106;467;144;145;306;379;237;322;146;401;285;454;438;215;217;342;1;283;273;168;139;452;111;308;264;369;68;340;61;220
177;440;148;292;361;244;64;313;282;255;323;327;106;467;144;74;12;436;285;182;263;496;141;210;488;217;342;447;2;273;17;139;494;48;131;42;293;50;315;383;39
298;389;483;156;426;476;384;499;81;138;253;128;400;119;422;289;267;113;31;445;221;377;230;371;360;256;276;21;459
178;335;365;489;404;89;343;231;461;184;209;303;143;491;466;395;288;280
299;94;55;137;40;381;439;311;98;135;99;142;352;420;190;321;4;188;77;122;84;346;262;318;474;374;394;355;154;9;334;189;261;269;294;406;56;70
179;396;260;338;153;414;335;365;325;309;489;211;27;206;343;123;165;120;184;356;303;5;307;143;15;491;291;375;186;466;19;280;102
70;94;55;137;40;381;439;311;98;135;99;142;347;376;352;299;420;190;321;188;77;84;69;262;318;474;444;394;154;9;189;261;269;348;406;56
71;450;397;416;251;116;366;14;284;367;379;183;146;242;95;52;385;194;431;150;405;345;114;168;167;132;462;340;463;203;247;18
72;45;176;246;372;205;121;275;223;147;392;171;33;97;13;234;75;448;185;238;456;437;78;481;10;101;479;47;487;187;337;134;191;224;110;62
73;63;166;244;201;34;313;457;36;323;96;327;74;490;208;12;436;182;54;151;41;263;29;496;198;105;202;2;494;92;48;103;37;312;451;249;93;380;446;315
74;440;166;244;201;34;64;313;457;430;36;255;323;327;73;490;208;12;436;177;182;54;151;41;263;496;141;210;198;202;2;494;92;48;103;37;312;249;93;42;380;50;315;383;39
75;45;176;246;372;121;275;147;392;171;97;13;234;470;448;72;238;456;472;78;481;10;422;101;479;47;377;235;487;22;337;371;110;62;360;459
76;11;413;486;3;126;442;124;58;485;265;274;91;268;390;458;350;428;84;69;471;180;90;59;218;433;214;333;348;330;239
77;94;55;137;443;279;40;272;381;439;311;195;98;135;99;142;347;376;352;299;190;321;84;318;474;444;394;378;154;9;387;189;269;348;241;406;70
78;45;176;246;372;121;275;147;392;171;97;13;470;75;448;72;238;456;472;128;400;10;422;101;31;479;47;221;377;235;22;337;371;110;62;360;256;459
79;176;149;197;326;163;351;205;223;35;85;162;161;234;104;26;88;493;437;100;481;435;277;16;403;487;187;402;191;110;391
180;11;243;55;486;3;126;279;124;58;485;265;227;347;268;412;390;76;464;458;69;471;90;230;59;218;433;214;348;330;239
181;166;173;244;34;236;457;319;250;430;36;255;109;393;30;12;158;399;66;41;407;473;117;418;202;2;469;92;37;249;93;219;398;417
182;440;166;244;201;64;313;282;255;323;327;74;73;301;208;12;436;177;54;151;263;496;141;210;488;217;447;2;228;494;48;103;131;42;380;50;315;39
183;450;416;116;468;284;129;52;410;83;155;431;150;345;114;71;167;463;203
184;338;153;414;335;365;489;211;27;343;179;123;165;461;356;303;5;178;307;143;15;491;291;375;186;466;395;280;102
185;176;423;136;460;205;121;275;171;33;13;72;238;437;481;10;479;187;134;224;62
186;396;449;260;338;413;153;414;335;365;442;309;489;211;27;179;123;91;165;120;184;356;303;350;5;428;307;143;491;291;375;466;19;333;280;102
187;176;149;163;372;79;205;223;171;33;97;162;13;234;104;72;185;437;100;481;10;479;487;134;191;224;110;419
188;94;108;137;482;341;302;439;311;98;135;99;142;193;310;299;420;190;321;4;122;344;346;252;474;25;374;32;355;112;9;189;261;294;127;406;56;386;70
189;94;55;137;341;351;40;475;302;272;381;439;311;195;98;135;99;216;142;376;352;299;420;339;190;321;4;188;77;122;318;474;374;154;9;261;269;406;70
80;173;295;43;236;349;30;158;332;287;226;245;207;212;417
81;329;389;192;483;156;476;384;499;227;213;138;253;119;415;6;113;270;298;317;159
82;427;336;108;495;67;482;225;453;498;60;305;429;354;193;314;95;310;229;357;492;344;204;252;25;20;133;32;355;112;484;233;127;386;320;18;411
83;286;450;416;116;366;468;284;129;367;183;52;410;155;431;150;248;170;345;114;167;281;463;203
84;63;11;55;3;126;40;439;265;98;76;299;420;458;77;69;262;474;394;90;154;59;9;334;115;261;348;406;56;70;239
85;137;341;372;351;79;475;272;223;381;195;35;97;162;140;161;234;104;448;376;493;339;435;318;16;47;403;487;337;402;191;110
86;197;434;67;326;341;351;302;232;477;161;216;432;324;26;88;193;353;493;229;465;277;16;421;233;402;127;316;391;53;362
87;361;8;478;397;240;495;157;130;278;282;382;467;145;306;379;222;322;285;454;314;242;95;125;357;215;194;297;488;342;1;492;160;283;204;447;273;168;139;452;111;331;152;369;68;340;61
88;149;197;326;163;79;86;35;162;161;432;104;26;493;100;465;277;16;402;316;391;53;362
89;174;196;364;497;335;368;441;480;404;259;23;328;49;257;231;461;209;303;178;359;7;491;266;254;363;296;395;288;0
190;94;55;137;341;40;475;302;272;381;439;311;98;135;99;142;352;299;420;321;4;188;77;122;346;318;474;374;394;355;154;9;189;261;269;406;56;70
191;176;149;326;163;372;351;79;475;205;272;223;195;35;97;85;162;161;234;104;26;448;72;493;339;437;100;481;10;435;16;47;403;487;187;337;402;110;391
192;329;486;175;497;483;156;476;485;425;499;259;227;81;213;23;328;412;359;388;119;300;169;7;471;266;415;6;270;254;218;433;172;317;51;164;408;159
193;336;108;137;434;67;482;341;351;475;86;302;477;429;216;432;324;142;310;229;4;188;122;344;252;25;374;32;355;112;421;82;402;127
194;427;450;8;478;397;240;495;251;225;157;366;130;278;453;14;284;87;145;306;379;322;146;314;242;95;385;1;492;160;283;204;405;168;133;111;308;71;484;152;132;462;369;68;340;247;18
195;94;137;351;443;475;272;381;311;35;97;85;140;135;142;448;376;352;472;339;77;435;318;444;47;403;378;487;387;189;337;269;191
196;174;449;486;335;365;442;480;124;211;404;485;89;259;23;328;123;91;49;165;461;303;350;5;300;307;169;7;491;254;375;218;333;395;164;408;288
197;149;326;163;79;86;35;162;161;432;104;26;88;493;100;465;277;16;403;402;316;391;53;362
198;63;166;260;201;34;313;36;96;327;74;73;490;208;436;54;151;41;120;29;105;202;2;103;37;312;451;249;93;380;446;315
199;148;292;24;409;106;144;46;373;237;401;65;438;290;297;217;258;273;17;452;264;293;61;220
90;11;243;55;3;126;279;40;124;58;265;347;268;390;76;458;84;69;471;180;444;59;433;214;348;330;239
91;396;449;11;260;413;196;486;442;124;58;211;485;274;123;268;165;390;76;356;350;5;428;300;307;291;375;186;218;214;333;164;330;408;239
92;166;173;244;34;236;457;319;250;430;36;255;109;181;74;393;73;30;12;158;399;66;41;407;473;117;418;202;2;469;37;451;249;93;219;315;398
93;166;244;34;313;457;36;96;327;181;74;73;490;208;12;436;151;41;263;407;473;198;105;202;2;92;37;312;451;249;219;315;398
94;55;137;341;351;40;475;302;272;381;439;311;195;98;135;99;216;142;376;352;299;420;339;190;321;4;188;77;122;318;474;374;355;154;189;261;269;406;70
95;427;450;8;478;397;495;251;225;157;366;130;278;453;14;284;87;60;145;306;379;222;314;242;385;357;194;492;160;283;204;168;133;308;71;484;152;82;132;462;369;68;340;463;386;320;247;18
96;63;396;11;260;414;36;309;73;490;206;208;274;120;29;198;105;202;291;37;312;451;93;19;446
97;45;176;246;372;205;223;147;392;195;171;85;162;140;234;75;448;72;456;472;339;78;481;10;435;101;479;47;487;187;337;191;110
98;94;55;137;40;381;439;311;135;99;142;347;352;299;420;190;321;188;77;122;84;69;346;262;318;474;374;444;394;154;9;334;189;261;269;348;406;56;70
99;94;55;137;341;40;475;302;272;381;439;311;98;135;142;352;299;420;190;321;4;188;77;122;346;318;474;374;394;355;154;9;189;261;269;406;56;70
